faixa_renda,taxa_inadimplencia,total
<30k,0.28672523716670684,45643
30-60k,0.1316890552741687,31787
60-100k,0.09390421908667547,14387
>100k,0.07075644629109129,8183
