faixa_score,taxa_inadimplencia,total
0-400,0.3716612377850163,9210
400-500,0.36785560807907175,16289
500-600,0.13097004451217067,24937
600-700,0.13156727551308414,24801
700+,0.13160764043128861,24763
