ocupacao,taxa_inadimplencia,total
Autônomo,0.16745819531468253,25057
CLT,0.1694641758022391,60113
Desempregado,0.6403544099879178,4966
Empresário,0.16626115166261152,9864
