modelo,threshold,accuracy,precision,recall,f1_score,auc_roc
Logistic Regression,0.3,0.7856666666666666,0.44684570157317655,0.48810970317653185,0.46656711465073836,0.7752613974880523
Random Forest,0.3,0.6163666666666666,0.3287042555727739,0.9572990800208298,0.48937397400062116,0.855554217758827
Logistic Regression,0.4,0.811,0.5140562248995983,0.2888387432737372,0.36985996888197376,0.7752613974880523
Random Forest,0.4,0.6655,0.35593905891870026,0.9165075507724353,0.5127458120903132,0.855554217758827
Logistic Regression,0.5,0.8156333333333333,0.5730622617534943,0.15657003992362437,0.24594410361281527,0.7752613974880523
Random Forest,0.5,0.7635,0.4352049737711288,0.7776427703523694,0.5580815945188414,0.855554217758827
Logistic Regression,0.6,0.8133333333333334,0.6151645207439199,0.07463981947578545,0.13312693498452013,0.7752613974880523
Random Forest,0.6,0.8003,0.48530914665304037,0.6594341260197882,0.5591287070424608,0.855554217758827
